Stack,Bank,Row,Zone,Subzone,Zones,Topics,Periodicals,Special Collection,Finding Aid
1,1,1,0,0,0.0,San Francisco,,19th c. Serial Sets,
1,1,2,0,0,0.0,Los Angeles,,,
1,1,3,0,0,0.0,"Ecology, Natural History",,,
1,1,4,0,0,0.0,"San Francisco, Public Transit",,,
1,1,5,0,0,0.0,Chinese Diaspora in SF and Beyond,,,
1,1,6,0,0,0.0,"San Francisco, Neighborhoods",,,
1,1,7,0,0,0.0,San Francisco,,,
1,1,8,0,0,0.0,"San Francisco, Transportation",,,
1,1,9,0,0,0.0,San Francisco,,,
1,1,10,0,0,0.0,San Francisco,,,
1,2,1,0,1,0.1,"San Diego, U.S. Mexico Border Region",,,
1,2,2,0,1,0.1,"Los Angeles, Southern California",,,
1,2,3,0,1,0.1,"California Coast, California Deserts",,,
1,2,4,0,1,0.1,"Delta, Central Valley, Water Projects",,,
1,2,5,0,0,0.0,East Bay Cities,,,
1,2,6,0,0,0.0,"Greater Bay Area, 9-County Area, Treasure Island, California Indigeous Peoples, California Indians",,,
1,2,7,0,1,0.1,California Natural History,,,
1,2,8,0,1,0.1,California,,,
1,2,9,0,1,0.1,California,,,
1,2,10,0,1,0.1,California,,,
1,3,1,0,1,0.1,California History,,,
1,3,2,0,1,0.1,California History,,,
1,3,3,0,1,0.1,"California History, Utopianism",,,
1,3,4,0,1,0.1,Northern California and Sierras,Modoc County Historical Society^Journal of the,,
1,3,5,0,1,0.1,Oregon Peoples,,,
1,3,6,0,1,0.1,Oregon Landscape,,,
1,3,7,0,1,0.1,Oregon,,,
1,3,8,0,1,0.1,Oregon,Oregon Historical Quarterly,,
1,3,9,0,1,0.1,"Oregon, Water",Water Supply Papers (1907–1924),,
1,3,10,0,0,0.0,Phone Books,,,
1,4,1,0,2,0.2,"Hawai'i, American West",,,
1,4,2,0,2,0.2,"American Southwest, Arizona, New Mexico",Arizona Highways,,
1,4,3,0,2,0.2,"Airzona, Hopi Nation",Arizona and the West,,
1,4,4,0,2,0.2,"Nevada, Las Vegas",,,
1,4,5,0,2,0.2,American Southwest,,,
1,4,6,0,2,0.2,Utah,,,
1,4,7,0,2,0.2,"Pacific Northwest, Columbia River",,,
1,4,8,0,2,0.2,Washington,,,
1,4,9,0,2,0.2,Alaska,,,
1,4,10,0,2,0.2,Alaska,,,
1,5,1,0,5,0.5,Gulf Coast States,,,
1,5,2,0,5,0.5,"Central U.S., Texas",Frontier Times,,
1,5,3,0,5,0.5,"Central U.S., Kansas, Iowa",,,
1,5,4,0,3,0.3,"Northern Plains, Midwest",,,
1,5,5,0,3,0.3,"Western U.S., Interior West",,,
1,5,6,0,3,0.3,"Western U.S., Interior West",,,
1,5,7,0,3,0.3,"Idaho, Wyoming, Colorado",,,
1,5,8,0,3,0.3,Montana,"American West^The, True West, Old West",,
1,5,9,0,3,0.3,Interior West U.S.,Frontier,,
1,5,10,0,3,0.3,Interior West U.S.,High Country,,
1,6,1,0,5,0.5,Tennessee Valley Authority (TVA),,,
1,6,2,0,5,0.5,Tennessee Valley Authority (TVA),,,
1,6,3,0,5,0.5,"Mississippi River, Mississippi, Alabama, Florida",,,
1,6,4,0,3,0.3,"Midwest, Central U.S., Illinoise, Chicago",,,
1,6,5,0,3,0.3,"Michigan, Detroit, Central U.S., Widwest, Chicago",,,
1,6,6,0,3,0.3,"Michigan, Detroit, Central U.S., Widwest, Chicago",,,
1,6,7,0,3,0.3,"Michigan, Detroit, Central U.S., Widwest, Chicago",,,
1,6,8,0,3,0.3,"Midwest, Central U.S., Wisconsin",,,
1,6,9,0,4,0.4,New York State,,,
1,6,10,0,4,0.4,New York State,,,
1,7,1,0,5,0.5,Southeastern U.S.,,,
1,7,2,0,5,0.5,Southeastern U.S.,,,
1,7,3,0,4,0.4,Eastern U.S.,,,
1,7,4,0,4,0.4,"New York City, Southeastern U.S.",,,
1,7,5,0,4,0.4,New York City,,,
1,7,6,0,4,0.4,New York City,,,
1,7,7,0,4,0.4,New York City,,,
1,7,8,0,4,0.4,"New York City, Phone Books, New York Police Department (NYPD)",,,
1,7,9,0,4,0.4,"New York City, New York State, Northeastern U.S.",,,
1,7,10,0,4,0.4,"Northeastern U.S., Connecticut",,,
1,8,1,0,4,0.4,Northeastern U.S.,,,
1,8,2,0,4,0.4,"Northeastern U.S., Pennsylvania",,,
1,8,3,0,4,0.4,New England,,,
1,8,4,0,6,0.6,"The Americas, South America, North America, Radical Geography",,,
1,8,5,0,6,0.6,"The Americas, South America, North America",,,
1,8,6,1,0,1.0,"Cartography, Geographic History, Economic Geography",,,
1,8,7,1,0,1.0,"Cartography, Geographic History, Economic Geography",,,
1,8,8,0,6,0.6,Europe,,,
1,8,9,0,4,0.4,"New England, Northeastern U.S.",,,
1,8,10,0,4,0.4,"New England, Northeastern U.S.",,,
1,9,1,1,1,1.1,Natural History,"National Wildlife, Wildlife Rehabilitation",,
1,9,2,1,1,1.1,Natural History,Noviates Zoologicae,,
1,9,3,1,2,1.0,"Landscapes, Land Policy, Land Use",,,
1,9,4,1,2,1.0,"Landscapes, Land Policy, Land Use",,,
1,9,5,1,2,1.0,"Landscapes, Land Policy, Land Use",,,
1,9,6,1,2,1.0,"Landscapes, Land Policy, Land Use","Landscape, Landscape Journal",,
1,9,7,1,0,1.0,"Cartography, Geographic History",,,
1,9,8,0,6,0.6,"Europe, England, London, Global Cities",,,
1,9,9,0,6,0.6,"Europe, England, London, Global Cities, Japan",,,
1,9,10,0,6,0.6,"Global Cities, Mexico, Europe",,,
1,10,1,1,0,1.2,"Wildlife, Birds","Auk^ The, Oologist, Ornathologist and Oologist",,
1,10,2,1,0,1.2,"Wildlife, Birds",Auk^ The,,
1,10,3,1,0,1.2,"Wildlife, Birds",Auk^ The,,
1,10,4,1,0,1.2,"Wildlife, Birds",,,
1,10,5,1,0,1.2,"Wildlife, Birds, Natural History",,,
1,10,6,1,0,1.2,"Wildlife, Birds",,,
1,10,7,1,0,1.2,"Wildlife, Fungi, Invertibrates",,,
1,10,8,1,0,1.2,"Wildlife, Mammals",,,
1,10,9,1,0,1.2,"Wildlife, Mammals, Aquatic Mammals, Fish",,,
1,10,10,1,0,1.2,"Wildlife, Evolution",Nature Study Review,,
2,1,1,1,1,1.1,"Water, Waterways",,,
2,1,2,1,1,1.1,"Water, Waterways",,,
2,1,3,1,1,1.1,"Air, Weather",,,
2,1,4,1,1,1.1,"Air, Weather",,,
2,1,5,1,1,1.1,Nature Culture Interface,,,
2,1,6,1,1,1.1,Nature Culture Interface,,,
2,1,7,1,1,1.1,Environmental Activism,"Earth First!, Science as a Culture",,
2,1,8,1,1,1.1,Environmental Activism,,,
2,1,9,1,1,1.1,Environmental Paperbacks,,,
2,1,10,1,1,1.1,Environmental Paperbacks,,,
2,2,1,2,1,2.1,"Rural Planning, Land Use",,,
2,2,2,2,1,2.1,"Rural Planning, Land Use, Plants",,,
2,2,3,2,1,2.1,"Rural Planning, Land Use",,,
2,2,4,2,1,2.1,"Rural Planning, Land Use",,,
2,2,5,2,0,2.0,"Agriculture, Rural Studies, Rural Sociology",,,
2,2,6,2,0,2.0,"Agriculture, Rural Studies, Rural Sociology",,,
2,2,7,2,0,2.0,USDA Publications,USDA Yearbook,,
2,2,8,2,0,2.0,USDA Publications,USDA Yearbook,,
2,2,9,2,0,2.0,USDA Publications,USDA Yearbook,,
2,2,10,2,0,2.0,USDA Publications,USDA Yearbook,,
2,3,1,2,2,2.2,"Timber, Forestry",American Forests,,
2,3,2,2,2,2.2,"Timber, Forestry","Timberman, American Forests, Forest Life",,
2,3,3,2,2,2.2,"Timber, Forestry","American Forestry, Forestry^Journal Of",,
2,3,4,2,2,2.2,"Timber, Forestry",,,
2,3,5,2,2,2.2,"Fishing, Timber, Forestry",,,
2,3,6,2,0,2.0,Farming and Rural Life,,,
2,3,7,2,0,2.0,Farming and Rural Life,,,
2,3,8,2,0,2.0,"USDA Publications, Farming and Rural Life",,,
2,3,9,2,0,2.0,"USDA Publications, Farming and Rural Life",,,
2,3,10,2,0,2.0,"USDA Publications, Farming and Rural Life",,,
2,4,1,2,5,2.5,"Mechanics, DIY",Popular Science,,
2,4,2,2,5,2.5,"Mechanics, DIY",Popular Science,,
2,4,3,2,5,2.5,"Mechanics, DIY","Science and Mechanics, Mechanics Today",,
2,4,4,2,4,2.4,"Manufacturing, Industry",Plastics,,
2,4,5,2,4,2.4,"Manufacturing, Industry",Modern Plastics,,
2,4,6,2,4,2.4,"Manufacturing, Industry",Modern Plastics,,
2,4,7,2,3,2.3,"Mining, Raw Materials, Geology",,,
2,4,8,2,3,2.3,Oil Industry,Lamp^The,,
2,4,9,2,3,2.3,Oil Industry,Shell Progress,,
2,4,10,2,2,2.2,USDA Publications,Forest Service Bulletins,,
2,5,1,2,5,2.5,"Mechanics, DIY, Safety, Automobility","Safety Engineering, Trafic Safety",,
2,5,2,2,5,2.5,"Mechanics, DIY, Safety","Industrial Technology, America at Work, Safety Education, National Safety New",,
2,5,3,2,5,2.5,"Industrial Arts, History of Technology",,,
2,5,4,2,5,2.5,"Industrial Arts, History of Technology","Make, Technics",,
2,5,5,2,5,2.5,"Mechanics, DIY",Mechanix Illustrated,,
2,5,6,3,0,3.0,"Cars, Traffic, Roads, Planning, International Automobility",,,
2,5,7,3,0,3.0,"Cars, Traffic, Roads, Planning",,,
2,5,8,3,0,3.0,"Cars, Traffic, Roads, Planning",Automobile Engineering,,
2,5,9,3,0,3.0,"Cars, Traffic, Roads, Planning",,,
2,5,10,3,0,3.0,"Cars, Traffic, Roads, Planning",,,
2,6,1,3,0,3.0,"Cars, Car Culture",,,
2,6,2,3,0,3.0,"Cars, Car Culture, Freeways, Roads",,,
2,6,3,3,0,3.0,"Cars, Car Culture, Parking",,,
2,6,4,3,0,3.0,"Cars, Car Culture, Travel, Tourism",,,
2,6,5,3,0,3.0,"Cars, Car Culture, Travel, Tourism",,,
2,6,6,3,0,3.0,"Cars, Car Culture, Travel, Tourism",,,
2,6,7,3,0,3.0,"Cars, Roads","Kelly Blue Book, Adventures in Good Eating",,
2,6,8,3,0,3.0,"Cars, Car Industry, Traffic, Roads",,,
2,6,9,3,0,3.0,"Cars, Car Industry, Traffic, Roads, Planning","Traffic Quarterly, Public Roads",,
2,6,10,3,0,3.0,"Cars, Car Industry, Traffic, Roads, Planning",Traffic Quarterly,,
2,7,1,3,0,3.0,"Cars, Roads, California","Highway Magazine, California Highways & Public Works",,
2,7,2,3,0,3.0,"Cars, Raods",Roads & Streets,,
2,7,3,3,0,3.0,"Cars, Car Culture, Roads","American Motorist, Overdrive",,
2,7,4,3,0,3.0,"Cars, Roads",Public Roads,,
2,7,5,3,0,3.0,"Cars, Roads",Good Roads,,
2,7,6,3,1,3.1,"Airplanes, Aviation History",,,
2,7,7,3,1,3.1,Airplanes,"Aviation News, American Helicopter",,
2,7,8,3,1,3.1,Airplanes,"FAA Aviation News, National Aeronautics, Flight Plan",,
2,7,9,3,1,3.1,Empty Shelf,,,
2,7,10,3,1,3.1,"Airplanes, Safety","Air Commerce Bulletin, ",,
2,8,1,3,4,3.4,"Bikes, Bike Maintenance, DIY, Safety","Tube Times, EBBC Newsletters, BFBC Newsletters",,
2,8,2,3,0,3.0,"Cars, Roads, Busses",Bus Transportation,,
2,8,3,3,2,3.2,"Railways, Busses",Trainsit Journal,,
2,8,4,3,2,3.2,"Railways, Rail History, Time Tables",,,
2,8,5,3,2,3.2,"Railways, BART, Cartography, Maps",,,
2,8,6,3,1,3.1,Airplanes,Aero-Digest,,
2,8,7,3,1,3.1,Airplanes,Aero-Digest,,
2,8,8,3,1,3.1,Airplanes,Aero-Digest,,
2,8,9,3,2,3.2,Railways,,,
2,8,10,3,3,3.3,"Water, Travel","Life-Saving Service Bulletin, Customs House Guide",,
2,9,1,4,0,4.0,"Planning, Engineering, Land Use",Public Works,,
2,9,2,4,0,4.0,"Planning, Engineering, Land Use, Busses","Public Works, Bus Transportation",,
2,9,3,4,0,4.0,"Planning, Engineering, Land Use",General Electric Review,,
2,9,4,4,0,4.0,"Planning, Engineering, Dams, Reclamation","Reclamation Era, U.S. Reclamation Bureau",,
2,9,5,4,0,4.0,"Planning, Engineering, Electricity, Reclamation","Electrical West, Public Ownership, U.S. Reclamation Bureau",,
2,9,6,4,0,4.0,"Planning, Engineering, Electricity",Electrical West,,
2,9,7,4,0,4.0,"Planning, Nuclear Power, Electricity","Electrical West, Nucleonics",,
2,9,8,4,0,4.0,"Planning, Nuclear Power",Nucleonics,,
2,9,9,4,0,4.0,"Planning, Civil Engineering, Public Lands, Nuclear Energy","Uranium, American Society of Civil Engineers^Transactions of the",,
2,9,10,4,0,4.0,"Planning, Civil Engineering, Public Lands",American Society of Civil Engineers^Transactions of the,,
2,10,1,4,2,4.2,Planning,American City,,
2,10,2,4,2,4.2,Planning,American City,,
2,10,3,4,2,4.2,Planning,"American City, City Government, Garden Cities and Town Planning",,
2,10,4,4,2,4.2,Planning,"Urban Land, City Planning, American Institute of Planners^Journal of the",,
2,10,5,4,1,4.1,"Sanitation, Safety, Electricity",,,
2,10,6,4,1,4.1,"Sanitation, Planning, Public Works","American Society for Municipal Improvement, Infiltration",,
2,10,7,4,1,4.1,Planning,"American Planning and Civil Annual, National Conference on Planning, Planning, City Planning Conference",,
2,10,8,4,1,4.1,Planning,Planning and Civic Comment,,
2,10,9,4,2,4.2,"Planning, Urban Culture",,,
2,10,10,4,2,4.2,"Planning, Urban Culture",,,
2,11,1,4,2,4.2,Planning,American City,,
2,11,2,4,2,4.2,Planning,American City,,
2,11,3,4,2,4.2,Planning,American City,,
2,11,4,4,2,4.2,"Planning, Urban Culture",,,
2,11,5,4,2,4.2,"Planning, Urban Culture",Harvard City Planning Studdies,,
2,11,6,4,2,4.2,"Planning, New Deal, Regional Planning",,,
2,11,7,4,2,4.2,"Planning, New Deal, Regional Planning",,,
2,11,8,4,2,4.2,"Planning, New Deal, Regional Planning",,,
2,11,9,4,2,4.2,"Urban Culture, Urban Communities",,,
2,11,10,4,2,4.2,"Urban Culture, Urban Communities",,,
2,12,1,4,2,4.2,"Leisure, Urban Green Spaces",Recreation,,
2,12,2,4,2,4.2,"Leisure, Playgrounds, Urban Green Spaces","Playground, Modern Cemetary",,
2,12,3,4,2,4.2,"Leisure, Urban Green Spaces",Park & Cemetary,,
2,12,4,4,2,4.2,"National Parks, Civil Conservation Corps",,,
2,12,5,4,2,4.2,"Leisure, Camping",Summer Camps,,
2,12,6,4,2,4.2,Urban Culture,,,
2,12,7,4,2,4.2,Urban Culture,,,
2,12,8,4,2,4.2,Urban Culture,,,
2,12,9,4,2,4.2,Urban Culture,Garden Cities,,
2,12,10,4,2,4.2,Urban Culture,Hearings Before the National Comission on Urban Problems,,
3,1,1,5,2,5.2,House Construction,,,
3,1,2,5,2,5.2,,Popular Home Craft,,
3,1,3,5,2,5.2,,,,
3,1,4,5,1,5.1,,,,
3,1,5,5,1,5.1,,,,
3,1,6,5,1,5.1,,"Slums and Housing, Housing Yearbook, Housing Betterment",,
3,1,7,5,0,5.0,,,,
3,1,8,5,0,5.0,,,,
3,1,9,5,0,5.0,,,,
3,1,10,5,0,5.0,,,,
3,2,1,5,2,5.2,,"Forcast^The, Good Housekeeping",,
3,2,2,5,2,5.2,"Cooking, Interior Design","Keith's Beautiful Homes, American Home, Good Housekeeping, Housewives Magazine",,
3,2,3,5,2,5.2,,"American Food Journal, Small Home",,
3,2,4,5,2,5.2,Cooking,,,
3,2,5,5,2,5.2,,"Popular Mechanics Do-It-Yourself Eyncyclopedia, Foxfire, Dwelling Portably, Mother Earth News",,
3,2,6,5,3,5.3,,,,
3,2,7,5,2,5.2,,Practical Home Economics,,
3,2,8,5,2,5.2,,"Consumer Reports, Consumers Digest",,
3,2,9,5,3,5.3,,,,
3,2,10,5,3,5.3,,,,
3,3,1,5,4,5.4,,"Keith's Magazine, Small Homes, Home Progress",,
3,3,2,5,4,5.4,,"American Architect and Architecture, Architectural Forumn",,
3,3,3,5,4,5.4,,,,
3,3,4,5,4,5.4,Institutional and Commerical Buildings,,,
3,3,5,5,4,5.4,Institutional and Commerical Buildings,,,
3,3,6,5,3,5.3,,,,
3,3,7,5,3,5.3,,,,
3,3,8,5,3,5.3,,,,
3,3,9,5,3,5.3,,,,
3,3,10,5,3,5.3,,,,
3,4,1,5,6,5.6,,"Builder, Permanent Builder, Buildings & Building Management, National Builder, Design Builder",,
3,4,2,5,6,5.6,,"Home Owners' Catalogs, American Society of Landscape Architects",,
3,4,3,5,5,5.5,,,,
3,4,4,5,5,5.5,,Innen-Dekoration,,
3,4,5,5,6,5.6,,American Builder & Building Age,,
3,4,6,5,6,5.6,,American Builder & Building Age,,
3,4,7,5,6,5.6,,American Builder & Building Age,,
3,4,8,5,6,5.6,,"Modern Builder, American Building Association News, American Builder & Building Age",,
3,4,9,7,2,7.0,,Adcrafter,,
3,4,10,7,2,7.0,,Adcrafter,,
3,5,1,6,0,6.0,,Artforumn,,
3,5,2,6,0,6.0,"Art for Industry, Furnature Design, Product Design",Industrial Design,,
3,5,3,6,0,6.0,"Art for Industry, Furnature Design, Product Design","Industrial Design, Art and Industry",,
3,5,4,6,0,6.0,"Art for Industry, Furnature Design, Product Design",Design Quarterly,,
3,5,5,6,0,6.0,,"Design Quarterly, Decorative Art",,
3,5,6,5,7,5.6,,"Hotel Management, Building Investment",,
3,5,7,5,7,5.6,,National Real Estate & Building Journal,,
3,5,8,5,7,5.6,,National Real Estate & Building Journal,,
3,5,9,5,7,5.6,,,,
3,5,10,5,7,5.6,,Real Estate Practice,,
3,6,1,6,0,6.0,,"Public Art Review, Cabinet, ZG",,
3,6,2,6,0,6.0,,Leonardo,,
3,6,3,6,0,6.0,"Appropriate, Collage, Remix",,,
3,6,4,6,0,6.0,"Appropriate, Collage, Remix",,,
3,6,5,6,0,6.0,Art & Politics,,,
3,6,6,6,0,6.0,"Emerging Contemporary Art, Media Art, New Art Formats, 21st Century Art, Site-Based Art, Land Art, Landscape",,,
3,6,7,6,0,6.0,Artist's Books & Monographs,,,
3,6,8,6,0,6.0,,"Esposus, Felix, Parakeet, Bidoun",,
3,6,9,6,0,6.0,Art History,,,
3,6,10,6,0,6.0,"Art History, 20th Century Art",,,
3,6,11,6,0,6.0,,,,
3,7,1,6,0,6.0,"Painting, Drawing",,,
3,7,2,6,0,6.0,"Painting, Drawing",,,
3,7,3,6,0,6.0,"Museums, Theaters, Drama, Performance",,,
3,7,4,6,1,6.1,,,,
3,7,5,6,1,6.1,"Stock Photography, Commercial Photography",,,
3,7,6,6,1,6.1,Photography How-To,"Electronics, Photo-Era Magazine",,
3,7,7,6,1,6.1,,"Biological Photography^Journal of, CA",,
3,7,8,6,1,6.1,Photography How-To,,,
3,7,9,6,1,6.1,Photography How-To,,,
3,7,10,6,1,6.1,,,,
3,8,1,7,1,6.3,"Typography, Typesetting, Graphic Design, Illustration",Inland Printer,,
3,8,2,7,1,6.3,"Typography, Typesetting, Graphic Design, Illustration",Inland Printer,,
3,8,3,7,1,6.3,"Typography, Typesetting, Graphic Design, Illustration",Inland Printer,,
3,8,4,7,1,6.3,"Typography, Typesetting, Graphic Design, Illustration",Inland Printer,,
3,8,5,7,1,6.3,"Typography, Typesetting, Graphic Design, Illustration",Inland Printer,,
3,8,6,7,1,6.3,,"Graphis, Modern Lithography",,
3,8,7,7,1,6.3,,Graphis,,
3,8,8,7,1,6.3,,Graphis,,
3,8,9,7,1,6.3,,Advertising Art^Annual of,,
3,8,10,7,1,6.3,,Associated Advertising,,
3,9,1,7,0,6.2,"Public Relations, Mass Communication",,,
3,9,2,7,0,6.2,Advertising How-To,Graphic Arts Monthly,,
3,9,3,7,0,6.2,History of Advertising,,,
3,9,4,7,0,6.2,"Information Design, Pictographs, Data Visualization",,,
3,9,5,7,0,6.2,Book Arts,"Visible Language, Advertising and Editorial Art^Annual of",,
3,9,6,7,0,6.2,Graphic Design,"Advertising Arts, Advertising Outdoors, Standard Advertising Register",,
3,9,7,7,0,6.2,"Typography, Linotype",Typographica,,
3,9,8,7,0,6.2,,,,
3,9,9,7,0,6.2,,,,
3,9,10,7,0,6.2,,,,
3,9,11,7,0,6.2,,,QSL Card Collection,
3,10,1,7,1,6.3,,Printers' Ink,,
3,10,2,7,1,6.3,,Printers' Ink,,
3,10,3,7,1,6.3,,Printers' Ink,,
3,10,4,7,1,6.3,,Printers' Ink,,
3,10,5,7,1,6.3,,Printers' Ink,,
3,10,6,7,1,6.3,,"Sponsor, Adbusters",,
3,10,7,7,1,6.3,,Sponsor,,
3,10,8,7,1,6.3,,Printers' Ink,,
3,10,9,7,1,6.3,,Printers' Ink,,
3,10,10,7,1,6.3,,Printers' Ink,,
3,11,1,7,2,7.0,"TV Theory, TV Technology, TV History, TV Economics",,,
3,11,2,7,2,7.0,"TV Theory, TV Technology, TV History, TV Economics",,,
3,11,3,7,2,7.0,"TV Theory, TV Technology, TV History, TV Economics",,,
3,11,4,7,2,7.0,"TV Theory, TV Technology, TV History, TV Economics",,,
3,11,5,7,2,7.0,"TV Theory, TV Technology, TV History, TV Economics",,,
3,11,6,7,2,7.0,"TV Theory, TV Technology, TV History, TV Economics",Television,,
3,11,7,7,2,7.0,"TV Theory, TV Technology, TV History, TV Economics",Television,,
3,11,8,7,2,7.0,"TV Theory, TV Technology, TV History, TV Economics",TV In The Blue Grass,,
3,11,9,7,2,7.0,"TV Theory, TV Technology, TV History, TV Economics",,,
3,11,10,7,2,7.0,,"NAEB Journal, Television",,
3,12,1,7,1,6.3,,"Modern Packaging, Advertising & Selling",,
3,12,2,7,1,6.3,,Modern Packaging,,
3,12,3,7,1,6.3,,Modern Packaging,,
3,12,4,7,1,6.3,,Display World,,
3,12,5,7,1,6.3,,"Display World, Installment Retailing, Advertising Outdoors",,
3,12,6,7,1,6.3,,Advertising & Selling,,
3,12,7,7,1,6.3,,Advertising & Selling,,
3,12,8,7,1,6.3,,Advertising & Selling,,
3,12,9,7,1,6.3,,Printers' Ink,,
3,12,10,7,1,6.3,,Printers' Ink,,
4,1,1,7,1,6.3,,Tide,,
4,1,2,8,0,7.1,,"Tide, The Apterature, Workshop, Movie Maker, Home Movies",,
4,1,3,8,0,7.1,"History of film, Theatrical Film, Non-Theatrical Film, Film Theory, Topical Films",,,
4,1,4,8,0,7.1,"History of film, Theatrical Film, Non-Theatrical Film, Film Theory, Topical Films",,,
4,1,5,8,0,7.1,"History of film, Theatrical Film, Non-Theatrical Film, Film Theory, Topical Films",,,
4,1,6,8,0,7.1,"History of film, Theatrical Film, Non-Theatrical Film, Film Theory, Topical Films",,,
4,1,7,8,0,7.1,"History of film, Theatrical Film, Non-Theatrical Film, Film Theory, Topical Films",,,
4,1,8,8,0,7.1,"History of film, Theatrical Film, Non-Theatrical Film, Film Theory, Topical Films",,,
4,1,9,8,0,7.1,"History of film, Theatrical Film, Non-Theatrical Film, Film Theory, Topical Films",,,
4,1,10,8,0,7.1,"History of film, Theatrical Film, Non-Theatrical Film, Film Theory, Topical Films",,,
4,2,1,8,0,7.1,"History of film, Theatrical Film, Non-Theatrical Film, Film Theory, Topical Films",,,
4,2,2,8,1,7.2,,Film Reference Guides for Medicine and Allied Sciences,,
4,2,3,8,1,7.2,,"Educators Guide to Free Films, The Collection, Educational Motion Pictures",,
4,2,4,8,1,7.2,,"Index to 16mm Educational Films, Index to 35mm Educational Films, Educational Film Locator",,
4,2,5,8,1,7.2,,"Educational Film Guide, Educational Film Catalog, Filmstrip Guide",,
4,2,6,8,1,7.2,,Educational Screen and Audiovisual Guide,,
4,2,7,8,1,7.2,,"Educational Screen and Audiovisual Guide, Film Programmers Guide",,
4,2,8,9,0,7.3,,"Channels, Radio Engineers Proceedings^Institute of",,
4,2,9,9,0,7.3,,Radio Engineers Proceedings^Institute of,,
4,2,10,9,0,7.3,,RCA Review,,
4,3,1,8,0,7.1,,"Cineaste, Business Screen",Jam Handy documents,
4,3,2,8,0,7.1,,"Business Screen, Film World and AV News Magazine, See And Hear, Film Music",,
4,3,3,8,0,7.1,,Business Screen,,
4,3,4,8,1,7.2,,"See And Hear, Army Motion Pictures^Index of, Fantastic Films^Reference Guide to, Motion Pictures^Catalog of Copyright Entries",,
4,3,5,8,1,7.2,,"Footage, Educational Film Magazine, Ford Film Collection, Labor History in News Film^A Bibliography of",,
4,3,6,8,1,7.2,,"Audiovisual Instruction, Motion Pictures and Filmstrips^The National Union Catalog of, Films^Library of Congress Catalogs of",,
4,3,7,8,0,7.1,,"Audiovisual Instruction, Media & Methods",,
4,3,8,8,0,7.1,Nontheatrical Film,,,
4,3,9,8,0,7.1,"History of film, Theatrical Film, Non-Theatrical Film, Film Theory, Topical Films","Audiovisual Communication Review, Film Library Quarterly, Motion Picture Enterprises Inc.",,
4,3,10,8,0,7.1,"History of film, Theatrical Film, Non-Theatrical Film, Film Theory, Topical Films",,,
4,4,1,9,0,7.3,"History, Technology, Culture","Radio Engineers^Proceedings of the Institute of, Popular Electronics, Broadcasting Yearbook, Allied Radio Catalogs, Electronics Catalogs",,
4,4,2,9,0,7.3,,,,
4,4,3,9,0,7.3,,,,
4,4,4,9,0,7.3,,,,
4,4,5,9,0,7.3,,Transmitter,,
4,4,6,9,0,7.3,,,,
4,4,7,9,0,7.3,,"Scan Magazine, Monitoring Times",,
4,4,8,9,0,7.3,,,,
4,4,9,9,0,7.3,,"Police Call, Government Radio Systems, Scanner Master",,
4,4,10,9,0,7.3,,,,
4,5,1,9,0,7.3,,"Focus, Electronics",,
4,5,2,9,0,7.3,,"Audio Engineering, Electronics",,
4,5,3,9,0,7.3,,"Audio Engineering, Broadcasting",,
4,5,4,9,0,7.3,,Broadcasting,,
4,5,5,9,0,7.3,,Broadcasting,,
4,5,6,9,0,7.3,,Broadcasting,,
4,5,7,9,0,7.3,,Broadcasting,,
4,5,8,9,0,7.3,,Broadcasting,,
4,5,9,9,0,7.3,,Broadcasting,,
4,6,1,9,1,7.4,,Bell Labratories Record,,
4,6,2,9,1,7.4,,"Bell Telephone Magazine, Bell Technical Systems Journal",,
4,6,3,9,1,7.4,,,,
4,6,4,9,1,7.4,,,,
4,6,5,9,0,7.3,,"Electronics World, Electronics, Radio and Television News",,
4,6,6,9,0,7.3,,"Radio-Electronics, Radio News",,
4,6,7,9,0,7.3,,"Radio-Electronics, Radio Age, Electronics Inudstries, Radio Broadcast",,
4,6,8,9,0,7.3,,"Electronics, I.E.E.E. Transactions, Electronics Industry",,
4,6,9,9,0,7.3,,RCMA,,
4,6,10,9,0,7.3,,RCMA,,
4,7,1,9,2,7.5,,"Computers and the Humanities, Computers and Electronics, Computers and Automation, Computers and People",,
4,7,2,9,2,7.5,,"Processed World, Datamation, Data Processing",,
4,7,3,9,2,7.5,,2600,,
4,7,4,9,2,7.5,History,,,
4,7,5,9,2,7.5,,,,
4,7,6,9,2,7.5,,"Datamation, Byte",,
4,7,7,9,2,7.5,,Byte,,
4,7,8,9,2,7.5,"Telegraphy, Cryptography",,,
4,7,9,9,2,7.5,"Telegraphy, Cryptography","Office, Today's Office",,
4,7,10,9,0,7.3,,Bell Systems Technical Joural,,
4,8,1,9,0,7.3,,"IRE Proceedings, Leonardo",,
4,8,2,9,0,7.3,,Radio Service Bulletin,,
4,8,3,10,0,8.0,,"Punk Planet, Record Research, Wire",,
4,8,4,10,0,8.0,,,,
4,8,5,10,0,8.0,,,,
4,8,6,10,0,8.0,,"Jazz Journal, Modern Music",,
4,8,7,10,0,8.0,,Mediamatic,,
4,8,8,10,0,8.0,,,,
4,8,9,9,2,7.5,,Wired,,
4,8,10,9,2,7.5,,Wired,,
4,9,1,10,1,8.1,,Restaurant Management,,
4,9,2,10,1,8.1,,Food Industries,,
4,9,3,10,1,8.1,,"Food Technology, Candy and Snack Industry, Food Industries, Restaurant Management",,
4,9,4,10,1,8.1,,Turnover,,
4,9,5,10,1,8.1,,Ice Cream Review,,
4,9,6,10,2,8.2,,"Survey, Survey Graphic",,
4,9,7,10,2,8.2,,"Survey, Survey Graphic",,
4,9,8,10,2,8.2,,"Survey, Survey Graphic",,
4,9,9,10,2,8.2,,"Survey, Survey Graphic",,
4,9,10,10,2,8.2,,Charities Review,,
4,10,1,10,2,8.2,,Building America,,
4,10,2,10,2,8.2,,,,
4,10,3,10,2,8.2,"Fringe, Subcultures and Cultural Histories",,,
4,10,4,10,2,8.2,"Fringe, Subcultures and Cultural Histories",,,
4,10,5,10,2,8.2,Cultural History by Era,,,
4,10,6,10,2,8.2,"Work, Workers",,,
4,10,7,10,2,8.2,,Physical Culture,,
4,10,8,10,2,8.2,,,,
4,10,9,10,1,8.1,,Quick Frozen Foods,,
4,10,10,10,1,8.1,,Progressive Grocer,,
4,11,1,11,4,9.1,,"Today's Secretary, Soviet Woman",,
4,11,2,11,4,9.1,,"Independent Woman, American Woman, Woman's Day, Today's Secretary",,
4,11,3,11,4,9.1,,"Independent Woman, Ms.",,
4,11,4,11,4,9.1,,"Ms., Names",,
4,11,5,11,2,8.6,,,,
4,11,6,11,3,9.0,,,,
4,11,7,11,1,8.5,,,,
4,11,8,11,0,8.4,,,,
4,11,9,11,0,8.4,,,,
4,11,10,11,0,8.4,,,,
4,12,1,11,4,9.1,,"Birth Control Review, Birth Control News, Social Hygine^Journal of",,
4,12,2,11,4,9.1,,Social Hygine^Journal of,,
4,12,3,11,6,9.3,,Act Up San Francisco,,
4,12,4,11,5,9.2,"Feminism, Feminist Activism, Second-Wave Femenism, Third-Wave Feminism",Cysalis,,
4,12,5,11,5,9.2,"Feminism, Feminist Activism, Second-Wave Femenism, Third-Wave Feminism","Action Girl, Aphra, Women: A Journal of Liberation, Heresies",,
4,12,6,11,5,9.2,"Feminism, Feminist Activism, Second-Wave Femenism, Third-Wave Feminism, Straight Men's Studies",,,
4,12,7,11,5,9.2,"Nonconfirming, Feminist Scholarship",,,
4,12,8,11,5,9.2,Conforming,,,
4,12,9,11,5,9.2,Women in the Labor Force,,,
4,12,10,11,5,9.2,,"Frontiers, Aphra, Women's Studies, Feminist Studies, ",,
5,1,1,12,0,9.4,,Ebony,,
5,1,2,12,0,9.4,,Ebony,,
5,1,3,12,0,9.4,"Civil rights movement, Black diaspora in Europe",,,
5,1,4,12,0,9.4,"Civil rights movement, Pullman porters, Black Californians",,,
5,1,5,12,0,9.4,"Civil rights movement, Black Californians, Afrofuturism",,,
5,1,6,12,0,9.4,,"Black Scholar^The, Liberator, Black Renniasance Noire",,
5,1,7,12,0,9.4,,"Negro Digest, Black World, Negro Year Book",,
5,1,8,12,0,9.4,,"Freedomways, Jet",,
5,1,9,12,0,9.4,,Ebony,,
5,1,10,12,0,9.4,,Ebony,,
5,2,1,12,4,12.4,White Racism and Anti-Racism,Race Traitor,,
5,2,2,12,0,9.4,,"Common Ground, Ebony",,
5,2,3,12,2,9.6,,,,
5,2,4,12,1,9.5,,Akwesane Notes,,
5,2,5,12,2,9.6,,,,
5,2,6,12,3,12.3,,,,
5,2,7,12,1,9.5,,,,
5,2,8,12,1,9.5,,"Handbook of North American Indians, American Indian Ethnohistory",,
5,2,9,12,1,9.5,,U.S. Indian Affairs Office Documents,,
5,2,10,12,1,9.5,,U.S. Indian Affairs Office Documents,,
5,3,1,13,0,10.0,,Social Frontier,,
5,3,2,13,0,10.0,"Pedagogy, Scholastic Design",,,
5,3,3,13,0,10.0,"Family, Teenagers, Youth, Adolescence, Childhood",Educational Forumn,,
5,3,4,13,0,10.0,"Family, Teenagers, Youth, Adolescence, Childhood",,,
5,3,5,13,0,10.0,"Family, Teenagers, Youth, Adolescence, Childhood",,,
5,3,6,13,0,10.0,"Family, Teenagers, Youth, Adolescence, Childhood",,,
5,3,7,13,1,10.1,,,,
5,3,8,13,1,10.1,,,,
5,3,9,13,1,10.1,,,,
5,3,10,13,1,10.1,,,,
5,4,1,13,2,10.2,"Police, Law Enforcement","Police, Law and Order, F.D.A. Papers, F.D.A. Consumer, Movement^The, Clamor",,
5,4,2,13,2,10.2,F.B.I.,F.B.I. Law Enforcement Bulletin,,
5,4,3,13,2,10.2,"Civil Liberties, Surveilance, F.B.I.",F.B.I. Documents,,
5,4,4,13,2,10.2,"Civil Liberties, Militarization of the domestic sphere",,,
5,4,5,13,2,10.2,"Carceral State, Police, Law Enforcement",,,
5,4,6,13,2,10.2,"Carceral State, Police, Law Enforcement",,,
5,4,7,13,2,10.2,Police,,,
5,4,8,13,2,10.2,"Civics, Post Office, Immigration Policy",,,
5,4,9,13,2,10.2,Immigration Policy,U.S. Public Health Service Bulletin,,
5,4,10,13,2,10.2,Immigration Policy,Immigration Commission Reports,,
5,5,1,13,2,10.2,"Geopolitics, War and Conflicts",Soldier of Fortune,,
5,5,2,13,2,10.2,"Geopolitics, War and Conflicts",,,
5,5,3,13,3,10.3,,"Land and Freedom, Fact, Sevendays",,
5,5,4,13,3,10.3,,"Ramparts, New Times",,
5,5,5,13,3,10.3,,"Subverse Activities Control Board Reports, Nation^The, Libertarian^The, Domestic Intellgence Operations",,
5,5,6,13,3,10.3,"1960s, Protest, Counterculture",,,
5,5,7,13,3,10.3,"Gun Culture, Far-Right Movements","Liberty, Schism",,
5,5,8,13,2,10.2,U.S. Political History,,,
5,5,9,13,2,10.2,U.S. Political History,Prohibition Enforcement,,
5,5,10,13,2,10.2,"U.S. Political History, Immigration Policy",Immigration Commission Reports,,
5,6,1,14,0,11.0,"Selective Service, WWI",U.S. War Industries,,
5,6,2,14,0,11.0,WWII,,,
5,6,3,14,0,11.0,"War in Vietnam, Veterans",Asian Survey,,
5,6,4,14,0,11.0,"War in Vietnam, Veterans",,,
5,6,5,14,1,11.1,"Geopolitics, Cold War, Atomic Age Culture",,,
5,6,6,14,1,11.1,"Atomic Science, Atomic Age Culture",,,
5,6,7,14,1,11.1,"Atomic Science, Atomic Age Culture, Civil Defense",Atomic Scientists^Bulletin of the,,
5,6,8,14,1,11.1,"Atomic Science, Radiation Experiments",Atomic Scientists^Bulletin of the,,
5,6,9,14,1,11.1,"Atomic Science, Atomic Policy","U.S. Atomic Energy Commission Annual Reports, Nuclear Waste Management",,
5,6,10,14,1,11.1,"Atomic Science, Atomic Policy",U.S. Congress Joint Committee on Atomic Energy,,
5,7,1,14,2,11.2,,"World Tomorrow, Communities Journal of Cooperative Living, Advocate of Peace",,
5,7,2,14,3,11.3,,,,
5,7,3,14,2,11.2,Situationism,"Anarchy, Green Anarchy, Mother Earth Bulletin",,
5,7,4,14,2,11.2,Utopianism,,,
5,7,5,14,2,11.2,Radical Studies,"New Settler Interview, Dial^The, Democratic Institutions^Center for the Study of",,
5,7,6,14,2,11.2,One World Movement,"Co-Op, Co-Operator, Co-operation",,
5,7,7,14,1,11.1,"Treason, Atomic Age, Espionage, Cold War",,,
5,7,8,14,1,11.1,WWII,,,
5,7,9,14,1,11.1,WWII,,,
5,7,10,14,1,11.1,WWII,,,
5,8,1,19,0,13.10,,Time Magazine,,
5,8,2,14,4,11.4,,"Free World, Party Organizer, Radical America, I. F. Stones Weekly",,
5,8,3,14,4,11.4,,,,
5,8,4,14,4,11.4,Communism,,,
5,8,5,14,4,11.4,Communism,,,
5,8,6,14,4,11.4,,,,
5,8,7,14,4,11.4,,,,
5,8,8,14,4,11.4,,Coevolution Quarterly,,
5,8,9,14,4,11.4,,Modern Age Books,,
5,8,10,14,4,11.4,,Modern Age Books,,
5,9,1,19,0,13.10,,"Time Magazine, Equal Justice, Future Survey",,
5,9,2,14,5,11.5,,Radical History,,
5,9,3,14,5,11.5,,"Technocracy, Business Week, Industrial Hygine^Journal of",,
5,9,4,14,4,11.4,,"Library Digest, Economic Outlook, Public, Job Descriptions for the Retail Trade",,
5,9,5,14,4,11.4,,U.S. Women's Burreau,,
5,9,6,14,4,11.4,,Salvage,,
5,9,7,14,4,11.4,,"Industrial Unionist, Labor Age, New Nation",,
5,9,8,14,4,11.4,,Women and Child Wage Earners (U.S. Senate),,
5,9,9,14,4,11.4,,Commission on Industrial Relations,,
5,9,10,14,4,11.4,,,,
5,10,1,15,2,12.2,,System,,
5,10,2,15,2,12.2,,"System, Business, Management and Administration, Copyright Law Revision — 1975",,
5,10,3,15,2,12.2,"Itellectual ""Property""",,,
5,10,4,15,0,12.0,,,,
5,10,5,15,0,12.0,,,,
5,10,6,15,1,12.1,,Mind,,
5,10,7,15,1,12.1,"Esoterica, Occult, Spritualism",Cultic Studies Journal,,
5,10,8,15,1,12.1,,Psychiatry,,
5,10,9,15,1,12.1,Sleep,,,
5,10,10,15,1,12.1,,,,
5,11,1,15,4,12.4,,"Biology^Quarterly Review of, Health^Library of, Health^Hall's Journal of, Outdoor Life^Journal of",,
5,11,2,15,4,12.4,,"Omni, Skeptical Inquirer, Scientist and Citizen",,
5,11,3,15,2,12.2,,"U.S. Coins^Guidebook Of, TNEC Monograph",,
5,11,4,15,2,12.2,,American Business,,
5,11,5,15,2,12.2,,"Nation's Business, Science Illustrated, West at Work^The, Executive's Magazine, Management and Administration",,
5,11,6,15,2,12.2,,"Du Pont Magazine, Dynamic America, Twentith Century Fund Annual Reports",,
5,11,7,15,2,12.2,,,,
5,11,8,15,2,12.2,,,,
5,11,9,15,2,12.2,,,,
5,11,10,15,2,12.2,,,,
5,12,1,15,5,12.5,,Missles and Rockets,,
5,12,2,15,5,12.5,,"Missles and Rockets, Astronautics and Aeronautics",,
5,12,3,15,5,12.5,,,,
5,12,4,15,5,12.5,,,,
5,12,5,15,5,12.5,,,,
5,12,6,15,5,12.5,,,,
5,12,7,15,5,12.5,,Astronautics and Aeronautics,,
5,12,8,15,5,12.5,,"Space World, British Interplanetary Society",,
5,12,9,15,5,12.5,,British Interplanetary Society,,
5,12,10,15,3,12.3,"Health, Medicine",,,
6,1,1,16,1,"13.1,7,10",,"Electronic Industries, Tele-Tech",Political Buttons,
6,1,2,16,1,"13.1,0.0,5.1,5.2,5.3,5.4,5.5,4,0.4",New York City,"Whole Earth Catalog, Dynamic America",City Plans,
6,1,3,16,1,"13.1,4,1,0.0","San Francisco, New York City","Civilian Conservation Corps. Newsletters, Psychlone",City Plans,
6,1,4,16,3,"13.3,0,4.1",,"High Country, Urban Aesthetic",City Plans,
6,1,5,16,1,"13.1,10,11,5.2","Social Movement Posters, Military Aero Charts^WWII-era","Flair, Small Homes Guides, McCall's Magazine, Carpentry and Building",,
6,1,6,16,1,"13.1,0",San Francisco historical newspapers,Aerospace America,QSL Card Collection,
6,1,7,16,1,"13.1,12.5,12.3",,"Astronautics and Aeronautics, Science News Letter",,
6,2,1,16,2,"13.2,1,2,3,4,5,6,7,8,9,10,11,12",,,,x
6,2,2,16,2,"13.2,0,7,12.5",,Electronic Age,Whole Earth Catalog and Derivitave Works,x
6,2,3,16,0,13.0,,,,
6,2,4,16,0,13.0,,Whole Earth Catalog,Whole Earth Catalog and Derivitave Works,
6,2,5,16,2,"13.2,0,4,5,6",,"Living for Young Homemakers, Mademoiselle's Living, McSweeny's, Dearborn Independent",,x
6,2,6,16,3,"13.3,6",,,Artists' Books,x
6,2,7,16,1,"13.1,4,12.4",,"Sanitary Engineer, Garden and Forest, Scientific American",,
6,3,1,16,4,13.4,,,The Correll Collection,x
6,3,2,16,4,13.4,,,The Correll Collection,x
6,3,3,16,4,13.4,,,The Correll Collection,x
6,3,4,16,1,"13.1,5,0.6,12.5",,Builder,,
6,3,5,16,1,"13.1,7,8,9",,,,
6,3,6,16,1,"13.1,5,6",,,,
6,3,7,16,1,"13.1,0,1,2,3,4",,,,
6,4,1,16,1,"13.1,5,13.10",,Better Homes and Gardens,,
6,4,2,16,1,"13.1,5,13.10",,American Home,,
6,4,3,16,1,"13.1,2,5,13.10",,"Collier's, Larouse Duxxe Seicle, Carpenter and Builder, Machinery, Bradstreet's",,
6,4,4,16,1,"13.1,5,3,13.10",,"Builder, Ken, Electric Railway Journal, Suburban Life, World Outlook, Building^Magazine of, Permanent Builder",,
6,4,5,16,1,"13.1,5,4,13.10",,"Dearborn Independent, Garden Magazine",,
6,4,6,16,1,"13.1,6,13.10",,"Look, Afterimage",,
6,4,7,16,1,"13.1,13.10",,Argonaut,,
6,5,1,16,1,"13.1,13.10",,Life,,
6,5,2,16,1,"13.1,13.10",,Life,,
6,5,3,16,1,"13.1,13.10",,Life,,
6,5,4,16,1,"13.1,13.10",,Life,,
6,5,5,16,1,"13.1,13.10",,Life,,
6,5,6,16,1,"13.1,13.10",,American Agriculturist,,
6,5,7,16,1,"13.1,11.0,11.2,13.10",,"Militant, Weekly Review, Concienscious Objector",,
6,6,1,16,1,"13.1,13.10",,Holiday,,
6,6,2,16,1,"13.1,2,11.2,11.3,11.4,13.10",,"Holiday, Machinery, Modern Industry, Cooperative Consumer",,
6,6,3,16,1,"13.1,8,5",,"Candy Industry, Candy Industry & Confectioners Journal, Living for Young Homemakers",,
6,6,4,16,1,"13.1,12.2",,Fortune,,
6,6,5,16,1,"13.1,12.2",,Fortune,,
6,6,6,16,1,"13.1,12.2",,Fortune,,
6,6,7,16,1,"13.1,12.2",,Fortune,,
6,7,1,16,5,13.5,,,Folded Maps,
6,7,2,16,5,13.5,,,Folded Maps,
6,7,3,16,5,13.5,,,Folded Maps,
6,7,4,16,5,13.5,,,Folded Maps,
6,7,5,16,5,13.5,,,Folded Maps,
6,7,6,16,5,13.5,,,Folded Maps,
6,7,7,16,5,13.5,,,Folded Maps,
6,7,8,16,5,13.5,,,Folded Maps,
6,7,9,16,6,13.6,,"Extrapolation, Science Fiction Studies",,
6,7,10,16,6,13.6,,"Astounding Science Fiction, Galaxy, Fantasy & Science Fiction",,
6,8,1,16,1,13.1,,Overland Monthly,,
6,8,2,16,1,13.1,,"Overland Monthly, Newsweek",,
6,8,3,16,5,13.5,,,Folded Maps,
6,8,4,16,5,13.5,,,Folded Maps,
6,8,5,16,1,"13.1,10.0",,"Merry's Museum, Human Interest Library^The, Cobblestone, Book of Knowledge^The",,
6,8,6,16,1,"13.1,13.6",,"Penny Magazine, Tin Tin, Astounding Science Fiction",,
6,8,7,16,6,13.6,,,,
6,8,8,16,6,13.6,,,,
6,8,9,16,6,13.6,,Galaxy,,
6,8,10,16,6,13.6,,"Isaac Asimov's Science Fiction Magazine, Science Fiction Science Fact",,
6,9,1,16,1,"13.1,3.1",,Aviation Week,,
6,9,2,16,1,"13.1,3.1",,Aviation Week,,
6,9,3,16,1,"13.1,7.3",,"Electronics Design, Electrical Design News",,
6,9,4,16,1,"13.1,13.6,2.6",,"American Industries, Galaxy",,
6,9,5,16,1,"13.1,2.6",,"Factory Management & Maintenance, Factory, American Industries",,
6,9,6,16,1,"13.1,2.6",,"Factory, Factory & Industrial Management",,
6,9,7,16,1,"13.1,2.6",,"Factory, Industrial Management",,
6,9,8,16,1,"13.1,4.3",Hunting,Full Cry,,
6,9,9,16,1,"13.1,12.4,11.3",,"Science Digest, Open Road",,
6,9,10,19,0,12.0,,,,
6,10,1,16,8,13.8,,,Epicenter Zone Zine Archive,
6,10,2,16,8,13.8,,,Epicenter Zone Zine Archive,
6,10,3,16,8,13.8,,,Epicenter Zone Zine Archive,
6,10,4,16,8,13.8,,,Epicenter Zone Zine Archive,
6,10,5,16,8,13.8,,,Epicenter Zone Zine Archive,
6,10,6,16,8,13.8,,,Epicenter Zone Zine Archive,
6,10,7,16,7,13.7,,"Gearhead, Flipside, Factsheet 5",,
6,10,8,16,7,13.7,,,,
6,10,9,16,7,13.7,,Gearhead,,
6,10,10,19,0,"4.3,2.7",,,,
6,11,1,16,7,13.7,,,,
6,11,2,16,7,13.7,,,,
6,11,3,16,7,13.7,,,,
6,11,4,16,7,13.7,,,,
6,11,5,16,7,13.7,,Maximum Rock & Roll,,
6,11,6,16,8,13.8,,,Epicenter Zone Zine Archive,
6,11,7,16,8,13.8,,,Epicenter Zone Zine Archive,
6,11,8,16,7,13.7,,,,
6,11,9,16,7,13.7,,,,
6,11,10,16,7,13.7,,,,
6,12,1,17,0,14.0,,,,
6,12,2,17,2,14.2,,,,
6,12,3,16,1,"13.1,0.0",,,1915 San Francisco Chronicle,
6,12,4,17,2,"14.2,8.0",,,Punk Flyers,
6,12,5,17,0,14.0,,,,
6,12,6,17,0,14.0,,,,
6,12,7,17,1,14.1,,,,
6,12,8,17,0,14.0,,,,
6,12,9,17,0,14.0,,Archivaria,,
6,12,10,16,1,"13.1,4.3",Hunting,Full Cry,,
7,1,1,18,0,"15.0,0.0,0.1,2.0,2.3,1.1,4.1",,,Ephemera,
7,1,2,18,0,"15.0,0.0,0.1,2.0,4.1,2.3,1.1",,,Ephemera,
7,1,3,18,0,"15.0,0.0,0.1,1.1,3.3,11.0,4.1",,,Ephemera,
7,1,4,18,0,"15.0,1.0,4.1,2.0,1.1",,,Ephemera,
7,1,5,18,0,"15.0,0.1,2.3,1.1,3.2,4.3",,,Ephemera,
7,1,6,18,0,"15.0,0.1,1.1",,,Ephemera,
7,1,7,18,0,"15.0,0.1,0.2",,,Ephemera,
7,1,8,18,0,"15.0,3.0,4.1,1.1",,,Ephemera,
7,1,9,18,0,"15.0,2.0,0.1",,,Ephemera,
7,1,10,18,0,"15.0,0.2",,,Ephemera,
7,2,1,18,0,"15.0,0.5,0.3",,,Ephemera,
7,2,2,18,0,"15.0,0.5,0.3",,,Ephemera,
7,2,3,18,0,"15.0,0.2,0.4,0.5,4.3",,,Ephemera,
7,2,4,18,0,"15.0,0.0,0.1,4.3,0.2",,,Ephemera,
7,2,5,18,0,"15.0,0.0",,,Ephemera,
7,2,6,18,0,"15.0,0.0,4.2",,,Ephemera,
7,2,7,18,0,"15.0,0.0,10.2,3.3",,,Ephemera,
7,2,8,18,0,"15.0,0.0,12.2,6.0",,,Ephemera,
7,2,9,18,0,"15.0,0.0,3.0,3.2",,,Ephemera,
7,2,10,18,0,"15.0,0.0,0.1,3.0,3.2,4.1",,,Ephemera,
7,3,1,18,0,"15.0,0.5,0.2",,,Ephemera,
7,3,2,18,0,"15.0,0.2,0.5,0.3",,,Ephemera,
7,3,3,18,0,"15.0,0.3",,,Ephemera,
7,3,4,18,0,"15.0,0.2,2.2,0.1",,,Ephemera,
7,3,5,18,0,"15.0,0.3",,,Ephemera,
7,3,6,18,0,"15.0,0.4,4.2",,,Ephemera,
7,3,7,18,0,"15.0,0.4",,,Ephemera,
7,3,8,18,0,"15.0,0.2,0.3,0.4",,,Ephemera,
7,3,9,18,0,"15.0,0.5,0.3,0.4",,,Ephemera,
7,3,10,18,0,"15.0,0.3,0.4",,,Ephemera,
7,4,1,18,0,"15.0,3.0,2.6,12.2",,,Ephemera,
7,4,2,18,0,"15.0,2.3,1.1,2.1,2.6,12.2,10.4",,,Ephemera,
7,4,3,18,0,"15.0,2.0,2.1,2.2,2.3,1.1",,,Ephemera,
7,4,4,18,0,"15.0,4.3,2.0,2.7,4.2",,,Ephemera,
7,4,5,18,0,"15.0,1.2,1.1,2.1,2.0",,,Ephemera,
7,4,6,18,0,"15.0,2.1,1.2,1.1",,,Ephemera,
7,4,7,18,0,"15.0,2.1,4.3,1.0,0.6,1.2",,,Ephemera,
7,4,8,18,0,"15.0,0.6",,,Ephemera,
7,4,9,18,0,"15.0,0.6,0.1,0.2",,,Ephemera,
7,4,10,18,0,"15.0,0.5,0.3",,,Ephemera,
7,5,1,18,0,"15.0,5.0,5.1,5.2,5.3,5.4",,,Ephemera,
7,5,2,18,0,"15.0,5.0,5.1,5.2,5.3,5.4",,,Ephemera,
7,5,3,18,0,"15.0,5.0,5.1,5.2,5.3,5.4",,,Ephemera,
7,5,4,18,0,"15.0,5.0,5.1,5.2,5.3,5.4",,,Ephemera,
7,5,5,18,0,"15.0,5.0,5.1,5.2,5.3,5.4",,,Ephemera,
7,5,6,18,0,"15.0,2.1,5.0,4.3",,,Ephemera,
7,5,7,18,0,"15.0,4.2,4.1,3.0,3.2",,,Ephemera,
7,5,8,18,0,"15.0,3.2",,,Ephemera,
7,5,9,18,0,"15.0,3.1",,,Ephemera,
7,5,10,18,0,"15.0,3.0,3.4",,,Ephemera,
7,6,1,18,0,"15.0,7.1,7.2",,,Ephemera,
7,6,2,18,0,"15.0,7.1,7.2",,,Ephemera,
7,6,3,18,0,"15.0,7.1,7.2",,,Ephemera,
7,6,4,18,0,"15.0,7.1,7.2",,,Ephemera,
7,6,5,18,0,"15.0,7.1,7.2,7.0",,,Ephemera,
7,6,6,18,0,"15.0,6.2,7.0",,,Ephemera,
7,6,7,18,0,"15.0,6.2,6.0,6.3",,,Ephemera,
7,6,8,18,0,"15.0,6.0",,,Ephemera,
7,6,9,18,0,"15.0,6.0,6.1",,,Ephemera,
7,6,10,18,0,"15.0,6.0,6.1",,,Ephemera,
7,7,1,18,0,"15.0,7.4,6.0",,,Ephemera,
7,7,2,18,0,"15.0,7.3,6.0,8.4",,,Ephemera,
7,7,3,18,0,"15.0,7.3,7.4",,,Ephemera,
7,7,4,18,0,"15.0,7.3,7.1,7.2,9.2",,,Ephemera,
7,7,5,18,0,"15.0,7.1,7.2",,,Ephemera,
7,7,6,18,0,"15.0,7.1,7.2",,,Ephemera,
7,7,7,18,0,"15.0,7.1,7.2",,,Ephemera,
7,7,8,18,0,"15.0,7.1,7.2",,,Ephemera,
7,7,9,18,0,"15.0,7.1,7.2",,,Ephemera,
7,7,10,18,0,"15.0,7.1,7.2",,,Ephemera,
7,8,1,18,0,"15.0,9.4,9.5,9.6",,,Ephemera,
7,8,2,18,0,"15.0,9.4,4.3,9.0",,,Ephemera,
7,8,3,18,0,"15.0,13.6,4.3,8.1",,,Ephemera,
7,8,4,18,0,"15.0,8.1",,,Ephemera,
7,8,5,18,0,"15.0,8.1",,,Ephemera,
7,8,6,18,0,"15.0,8.0,2.3,0.0,13.7",,,Ephemera,
7,8,7,18,0,"15.0,7.5,8.1",,,Ephemera,
7,8,8,18,0,"15.0,7.5,10.2",,,Ephemera,
7,8,9,18,0,"15.0,10.3,7.5",,,Ephemera,
7,8,10,18,0,"15.0,7.4",,,Ephemera,
7,9,1,18,0,"15.0,11.0,0.6,10.2",,,Ephemera,
7,9,2,18,0,"15.0,11.1,11.0,0.6",,,Ephemera,
7,9,3,18,0,"15.0,10.3,10.2,0.2,11.4",,,Ephemera,
7,9,4,18,0,"15.0,11.4,11.0,10.3,10.2",,,Ephemera,
7,9,5,18,0,"15.0,10.2,10.3,9.4,10.4",,,Ephemera,
7,9,6,18,0,"15.0,10.2,10.4,10.0,10.1",,,Ephemera,
7,9,7,18,0,"15.0,9.1,9.2,9.3",,,Ephemera,
7,9,8,18,0,"15.0,8.6,9.5",,,Ephemera,
7,9,9,18,0,"15.0,9.4,9.5,9.6",,,Ephemera,
7,9,10,18,0,15.0,,,Ephemera,
7,10,1,18,0,"15.0,12.5",,,Ephemera,
7,10,2,18,0,"15.0,12.1,12.3,8.3",,,Ephemera,
7,10,3,18,0,"15.0,2.6,12.4",,,Ephemera,
7,10,4,18,0,"15.0,12.0,12.1,12.2,2.6",,,Ephemera,
7,10,5,18,0,"15.0,10.3,10.4,11.2",,,Ephemera,
7,10,6,18,0,"15.0,11.2,11.4,10.2,0.6,10.3",,,Ephemera,
7,10,7,18,0,"15.0,11.3,10.3,11.2,2.1,1.1",,,Ephemera,
7,10,8,18,0,"15.0,11.0,11.2",,,Ephemera,
7,10,9,18,0,"15.0,11.0,0.6",,,Ephemera,
7,10,10,18,0,"15.0,11.0,0.0,2.6,11.1,12.2",,,Ephemera,
8,1,1,19,0,"16.0,3.2",,,Therkleson Collection,x
8,1,2,19,0,"16.0,3.2",,,Therkleson Collection,x
8,1,3,19,0,"16.0,3.2,0.0,4.1",,,Therkleson Collection,x
8,1,4,19,0,"16.0,3.2,0.0,3.0,4.1",,,Therkleson Collection,x
8,1,5,19,0,"16.0,3.2,0.0,3.0,4.1",,,Therkleson Collection,x
8,1,6,19,0,"16.0,3.2,0.0,3.0,4.1",,,Therkleson Collection,x
8,2,1,19,0,"16.0,3.0",,,Therkleson Collection,x
8,2,2,19,0,"16.0,3.0,12.2",,,Therkleson Collection,x
8,2,3,19,0,"16.0,3.0,4.1,12.2",,,Therkleson Collection,x
8,2,4,19,0,"16.0,0.0,3.1,12.5",,,Therkleson Collection,x
8,2,5,19,0,"16.0,0.0,3.1,3.0,3.2,7.4",,,Therkleson Collection,x
8,2,6,19,0,"16.0,0.0,8.0,8.2",,,Therkleson Collection,x
8,3,1,19,0,"16.0,0.0",,,Therkleson Collection,x
8,3,2,19,0,"16.0,0.1",,,Therkleson Collection,x
8,3,3,19,0,"16.0,0.0,3.3,4.1",,,Therkleson Collection,x
8,3,4,19,0,"16.0,0.0,3.0,4.1",,,Therkleson Collection,x
8,3,5,19,0,"16.0,0.0",,,Therkleson Collection,x
8,3,6,19,0,"16.0,0.0",,,Therkleson Collection,x
8,4,1,19,0,"16.0,0.0,3.0,11.4",,,Therkleson Collection,x
8,4,2,19,0,"16.0,0.0,3.0",,,Therkleson Collection,x
8,4,3,19,0,"16.0,0.0,4.1,4.3",,,Therkleson Collection,x
8,4,4,19,0,"16.0,0.0",,,Therkleson Collection,x
8,4,5,19,0,"16.0,0.0,12.2",,,Therkleson Collection,x
8,4,6,19,0,"16.0,0.0,10.2",,,Therkleson Collection,x
9,1,1,20,0,"17.0,1.0,3.1",,,,
9,2,1,20,0,"17.0,1.0,3.1",,,,